motion,class,pelvis_bin,swing_bin,support,split,pelvis,swing
left_3304,P0S0,0,0,L,train,0.4861,0.1459
left_5905,P0S0,0,0,L,train,0.4651,0.2835
left_1388,P0S0,0,0,L,train,0.4422,0.1346
left_9739,P0S0,0,0,L,train,0.4877,0.1528
left_8687,P0S0,0,0,L,train,0.5093,0.2668
left_9781,P0S0,0,0,L,train,0.4714,0.1129
left_9879,P0S0,0,0,L,train,0.5029,0.1662
left_6025,P0S0,0,0,L,train,0.4922,0.2136
left_9861,P0S0,0,0,L,train,0.4553,0.2573
left_2977,P0S0,0,0,L,train,0.4887,0.1873
left_3102,P0S0,0,0,L,train,0.4232,0.1272
left_1384,P0S0,0,0,L,train,0.4336,0.1888
left_294,P0S0,0,0,L,train,0.4788,0.2122
left_8069,P0S0,0,0,L,train,0.4104,0.1612
left_4090,P0S0,0,0,L,train,0.4938,0.1951
left_6846,P0S0,0,0,L,train,0.4838,0.1037
left_7847,P0S0,0,0,L,train,0.4859,0.2261
left_5984,P0S0,0,0,L,train,0.4851,0.2408
left_3991,P0S0,0,0,L,train,0.4556,0.2594
left_1092,P0S0,0,0,L,train,0.4985,0.1171
left_9701,P0S0,0,0,L,train,0.4517,0.0987
left_1206,P0S0,0,0,L,train,0.4461,0.2027
left_9931,P0S0,0,0,L,train,0.47,0.1163
left_6124,P0S0,0,0,L,train,0.4529,0.1209
left_6840,P0S0,0,0,L,train,0.4739,0.2336
left_337,P0S0,0,0,L,train,0.4472,0.2608
left_2086,P0S0,0,0,L,train,0.4377,0.2348
left_2952,P0S0,0,0,L,train,0.4515,0.2135
left_5184,P0S0,0,0,L,train,0.4716,0.2716
left_2220,P0S0,0,0,L,train,0.4053,0.168
left_9773,P0S0,0,0,L,train,0.4798,0.2735
left_43,P0S0,0,0,L,train,0.4533,0.2122
left_103,P0S0,0,0,L,train,0.437,0.0973
left_2910,P0S0,0,0,L,train,0.4751,0.1584
left_3006,P0S0,0,0,L,train,0.4415,0.247
left_2020,P0S0,0,0,L,train,0.4799,0.2588
left_3926,P0S0,0,0,L,train,0.4813,0.2629
left_6084,P0S0,0,0,L,train,0.4802,0.1908
left_6973,P0S0,0,0,L,train,0.4861,0.2725
left_2076,P0S0,0,0,L,train,0.5028,0.1772
left_1077,P0S0,0,0,L,test,0.4751,0.1787
left_2303,P0S0,0,0,L,test,0.4881,0.2122
left_8989,P0S0,0,0,L,test,0.4715,0.2733
left_8128,P0S0,0,0,L,val,0.455,0.2803
left_1944,P0S0,0,0,L,val,0.4178,0.2196
left_8051,P0S0,0,0,L,val,0.4205,0.1046
left_105,P0S0,0,0,L,test,0.4743,0.1713
left_3118,P0S0,0,0,L,val,0.4374,0.1146
left_223,P0S0,0,0,L,val,0.4229,0.1111
left_5911,P0S0,0,0,L,test,0.4407,0.1641
right_2374,P0S0,0,0,R,train,0.4326,0.2086
right_9534,P0S0,0,0,R,train,0.4215,0.1682
right_3821,P0S0,0,0,R,train,0.4348,0.1596
right_3498,P0S0,0,0,R,train,0.4991,0.1529
right_4686,P0S0,0,0,R,train,0.5042,0.2837
right_7572,P0S0,0,0,R,train,0.4431,0.1999
right_605,P0S0,0,0,R,train,0.5073,0.1516
right_3388,P0S0,0,0,R,train,0.4253,0.2005
right_8260,P0S0,0,0,R,train,0.4819,0.1074
right_9351,P0S0,0,0,R,train,0.4908,0.1653
right_6486,P0S0,0,0,R,train,0.4809,0.1699
right_481,P0S0,0,0,R,train,0.4907,0.2643
right_7477,P0S0,0,0,R,train,0.4848,0.2785
right_5543,P0S0,0,0,R,train,0.4958,0.1229
right_7220,P0S0,0,0,R,train,0.4694,0.2297
right_7197,P0S0,0,0,R,train,0.4272,0.2099
right_4504,P0S0,0,0,R,train,0.4984,0.2784
right_851,P0S0,0,0,R,train,0.5088,0.2737
right_7355,P0S0,0,0,R,train,0.467,0.2381
right_2775,P0S0,0,0,R,train,0.4984,0.1511
right_7657,P0S0,0,0,R,train,0.4793,0.1231
right_5355,P0S0,0,0,R,train,0.4656,0.1704
right_602,P0S0,0,0,R,train,0.5062,0.2305
right_6688,P0S0,0,0,R,train,0.3852,0.1263
right_8207,P0S0,0,0,R,train,0.4271,0.1694
right_3518,P0S0,0,0,R,train,0.4686,0.2837
right_3524,P0S0,0,0,R,train,0.4381,0.1722
right_2636,P0S0,0,0,R,train,0.4802,0.2837
right_6665,P0S0,0,0,R,train,0.4407,0.2628
right_6327,P0S0,0,0,R,train,0.4513,0.2807
right_7216,P0S0,0,0,R,train,0.4943,0.2138
right_5358,P0S0,0,0,R,train,0.4722,0.1207
right_9435,P0S0,0,0,R,train,0.4482,0.2409
right_1666,P0S0,0,0,R,train,0.4244,0.2337
right_2705,P0S0,0,0,R,train,0.4897,0.1625
right_9506,P0S0,0,0,R,train,0.4473,0.1559
right_3717,P0S0,0,0,R,train,0.4592,0.1644
right_7315,P0S0,0,0,R,train,0.4518,0.2581
right_7564,P0S0,0,0,R,train,0.4469,0.1432
right_8423,P0S0,0,0,R,train,0.4206,0.2667
right_6574,P0S0,0,0,R,val,0.4552,0.1581
right_4610,P0S0,0,0,R,val,0.5085,0.2027
right_2640,P0S0,0,0,R,val,0.5086,0.1496
right_4781,P0S0,0,0,R,val,0.4968,0.1795
right_1785,P0S0,0,0,R,test,0.4296,0.2269
right_2408,P0S0,0,0,R,val,0.4801,0.2183
right_9199,P0S0,0,0,R,test,0.4787,0.1476
right_881,P0S0,0,0,R,test,0.5009,0.1648
right_7499,P0S0,0,0,R,test,0.3987,0.1285
right_9227,P0S0,0,0,R,test,0.4867,0.2818
left_2349,P0S1,0,1,L,train,0.5106,0.3904
left_416,P0S1,0,1,L,train,0.4379,0.3411
left_4869,P0S1,0,1,L,train,0.4833,0.3902
left_4855,P0S1,0,1,L,train,0.5105,0.3279
left_6955,P0S1,0,1,L,train,0.4933,0.4536
left_4073,P0S1,0,1,L,train,0.4444,0.4445
left_6934,P0S1,0,1,L,train,0.4567,0.3181
left_5826,P0S1,0,1,L,train,0.4792,0.2937
left_2080,P0S1,0,1,L,train,0.4437,0.361
left_5057,P0S1,0,1,L,train,0.4885,0.294
left_4036,P0S1,0,1,L,train,0.4711,0.3433
left_4035,P0S1,0,1,L,train,0.4955,0.4781
left_1360,P0S1,0,1,L,train,0.4423,0.334
left_3892,P0S1,0,1,L,train,0.5023,0.3852
left_1284,P0S1,0,1,L,train,0.4813,0.3837
left_8103,P0S1,0,1,L,train,0.4692,0.4283
left_5207,P0S1,0,1,L,train,0.4469,0.4216
left_4185,P0S1,0,1,L,train,0.4475,0.3374
left_3332,P0S1,0,1,L,train,0.4402,0.3117
left_9099,P0S1,0,1,L,train,0.4961,0.3854
left_9674,P0S1,0,1,L,train,0.4317,0.3131
left_3008,P0S1,0,1,L,train,0.4767,0.2981
left_4899,P0S1,0,1,L,train,0.5083,0.4306
left_9712,P0S1,0,1,L,train,0.4833,0.3325
left_8879,P0S1,0,1,L,train,0.5016,0.3174
left_7120,P0S1,0,1,L,train,0.4956,0.4061
left_5898,P0S1,0,1,L,train,0.4831,0.463
left_4228,P0S1,0,1,L,train,0.4731,0.4385
left_8961,P0S1,0,1,L,train,0.4674,0.2856
left_4123,P0S1,0,1,L,train,0.477,0.4673
left_5093,P0S1,0,1,L,train,0.445,0.4536
left_6198,P0S1,0,1,L,train,0.4633,0.3422
left_2976,P0S1,0,1,L,train,0.4776,0.3505
left_4074,P0S1,0,1,L,train,0.4879,0.359
left_3273,P0S1,0,1,L,train,0.4505,0.4525
left_1249,P0S1,0,1,L,train,0.4881,0.4245
left_7950,P0S1,0,1,L,train,0.4618,0.4209
left_2001,P0S1,0,1,L,train,0.4415,0.3462
left_5957,P0S1,0,1,L,train,0.4724,0.3259
left_7731,P0S1,0,1,L,train,0.4683,0.4692
left_2341,P0S1,0,1,L,val,0.4993,0.4035
left_5194,P0S1,0,1,L,val,0.481,0.2853
left_9989,P0S1,0,1,L,test,0.4667,0.4168
left_5235,P0S1,0,1,L,test,0.4684,0.3923
left_2937,P0S1,0,1,L,test,0.5043,0.3369
left_1166,P0S1,0,1,L,val,0.499,0.4379
left_13,P0S1,0,1,L,test,0.4974,0.3809
left_7180,P0S1,0,1,L,val,0.5097,0.372
left_9810,P0S1,0,1,L,test,0.5088,0.3144
left_2959,P0S1,0,1,L,val,0.5077,0.4013
right_9210,P0S1,0,1,R,train,0.5064,0.3402
right_1445,P0S1,0,1,R,train,0.4932,0.4079
right_5649,P0S1,0,1,R,train,0.4859,0.3993
right_1743,P0S1,0,1,R,train,0.4472,0.4083
right_2553,P0S1,0,1,R,train,0.5111,0.4661
right_549,P0S1,0,1,R,train,0.4821,0.3763
right_1612,P0S1,0,1,R,train,0.4987,0.317
right_951,P0S1,0,1,R,train,0.5021,0.462
right_8300,P0S1,0,1,R,train,0.4389,0.3748
right_688,P0S1,0,1,R,train,0.4654,0.4623
right_8302,P0S1,0,1,R,train,0.4774,0.4016
right_8304,P0S1,0,1,R,train,0.4798,0.4472
right_2570,P0S1,0,1,R,train,0.4331,0.4059
right_701,P0S1,0,1,R,train,0.4812,0.382
right_892,P0S1,0,1,R,train,0.4835,0.435
right_6242,P0S1,0,1,R,train,0.4995,0.3266
right_9344,P0S1,0,1,R,train,0.4946,0.2926
right_4747,P0S1,0,1,R,train,0.4561,0.4428
right_5301,P0S1,0,1,R,train,0.47,0.4407
right_1654,P0S1,0,1,R,train,0.5006,0.4034
right_4477,P0S1,0,1,R,train,0.5041,0.3089
right_8523,P0S1,0,1,R,train,0.4861,0.4364
right_443,P0S1,0,1,R,train,0.4519,0.4051
right_7558,P0S1,0,1,R,train,0.4621,0.4739
right_8180,P0S1,0,1,R,train,0.5018,0.3545
right_3846,P0S1,0,1,R,train,0.4601,0.3251
right_5361,P0S1,0,1,R,train,0.4608,0.4729
right_8209,P0S1,0,1,R,train,0.4471,0.3827
right_7212,P0S1,0,1,R,train,0.4823,0.4377
right_6276,P0S1,0,1,R,train,0.5082,0.3018
right_1864,P0S1,0,1,R,train,0.4538,0.3369
right_6532,P0S1,0,1,R,train,0.4431,0.3416
right_2681,P0S1,0,1,R,train,0.4654,0.353
right_9409,P0S1,0,1,R,train,0.4559,0.3907
right_9209,P0S1,0,1,R,train,0.5033,0.3429
right_2783,P0S1,0,1,R,train,0.4928,0.4663
right_7530,P0S1,0,1,R,train,0.4182,0.4356
right_5532,P0S1,0,1,R,train,0.4926,0.4351
right_9474,P0S1,0,1,R,train,0.4876,0.3428
right_567,P0S1,0,1,R,train,0.4901,0.4073
right_8342,P0S1,0,1,R,test,0.4286,0.4084
right_6360,P0S1,0,1,R,val,0.4833,0.3252
right_7688,P0S1,0,1,R,val,0.4424,0.4536
right_7319,P0S1,0,1,R,test,0.4509,0.3289
right_7333,P0S1,0,1,R,test,0.503,0.3379
right_7611,P0S1,0,1,R,val,0.4249,0.4125
right_3417,P0S1,0,1,R,val,0.4588,0.3125
right_5457,P0S1,0,1,R,val,0.5104,0.4202
right_4685,P0S1,0,1,R,test,0.5081,0.3548
right_682,P0S1,0,1,R,test,0.4955,0.4533
left_1312,P0S2,0,2,L,train,0.5076,0.593
left_7754,P0S2,0,2,L,train,0.45,0.5721
left_2043,P0S2,0,2,L,train,0.4972,0.5218
left_1229,P0S2,0,2,L,train,0.4617,0.5988
left_2248,P0S2,0,2,L,train,0.4764,0.6164
left_8145,P0S2,0,2,L,train,0.454,0.5523
left_4916,P0S2,0,2,L,train,0.4313,0.6007
left_2252,P0S2,0,2,L,train,0.4603,0.5581
left_1199,P0S2,0,2,L,train,0.4463,0.5081
left_49,P0S2,0,2,L,train,0.4854,0.5956
left_5103,P0S2,0,2,L,train,0.4898,0.4912
left_9695,P0S2,0,2,L,train,0.4993,0.5674
left_5058,P0S2,0,2,L,train,0.4477,0.5308
left_5247,P0S2,0,2,L,train,0.4725,0.5901
left_7151,P0S2,0,2,L,train,0.4676,0.4899
left_8081,P0S2,0,2,L,train,0.4808,0.5428
left_7883,P0S2,0,2,L,train,0.4987,0.4955
left_7965,P0S2,0,2,L,train,0.4545,0.5568
left_7771,P0S2,0,2,L,train,0.443,0.496
left_5019,P0S2,0,2,L,train,0.4816,0.51
left_318,P0S2,0,2,L,train,0.4846,0.5974
left_7164,P0S2,0,2,L,train,0.4418,0.4973
left_1109,P0S2,0,2,L,train,0.5082,0.5561
left_2927,P0S2,0,2,L,train,0.4981,0.4827
left_268,P0S2,0,2,L,train,0.4919,0.4812
left_6838,P0S2,0,2,L,train,0.5044,0.5852
left_2235,P0S2,0,2,L,train,0.4574,0.5502
left_6156,P0S2,0,2,L,train,0.5028,0.531
left_7034,P0S2,0,2,L,train,0.4663,0.5495
left_3198,P0S2,0,2,L,train,0.483,0.6084
left_4214,P0S2,0,2,L,train,0.5018,0.5726
left_6980,P0S2,0,2,L,train,0.5094,0.5982
left_9696,P0S2,0,2,L,train,0.4605,0.5008
left_8697,P0S2,0,2,L,train,0.4914,0.5825
left_5936,P0S2,0,2,L,train,0.4953,0.5795
left_5190,P0S2,0,2,L,train,0.4499,0.4816
left_4280,P0S2,0,2,L,train,0.5076,0.5918
left_2906,P0S2,0,2,L,train,0.476,0.5805
left_5054,P0S2,0,2,L,train,0.5039,0.6071
left_6863,P0S2,0,2,L,train,0.4397,0.5674
left_2072,P0S2,0,2,L,val,0.4746,0.5756
left_7104,P0S2,0,2,L,val,0.4972,0.5147
left_4876,P0S2,0,2,L,test,0.472,0.5286
left_6832,P0S2,0,2,L,test,0.4828,0.499
left_5170,P0S2,0,2,L,val,0.4821,0.5118
left_6800,P0S2,0,2,L,test,0.4569,0.4957
left_985,P0S2,0,2,L,val,0.455,0.5846
left_7865,P0S2,0,2,L,val,0.4897,0.591
left_8969,P0S2,0,2,L,test,0.4793,0.5624
left_5095,P0S2,0,2,L,test,0.445,0.5717
right_9427,P0S2,0,2,R,train,0.4616,0.5125
right_2521,P0S2,0,2,R,train,0.456,0.5794
right_9629,P0S2,0,2,R,train,0.4986,0.4913
right_4572,P0S2,0,2,R,train,0.4989,0.5649
right_1711,P0S2,0,2,R,train,0.4696,0.5923
right_6444,P0S2,0,2,R,train,0.4642,0.573
right_6559,P0S2,0,2,R,train,0.4948,0.5578
right_2404,P0S2,0,2,R,train,0.4718,0.5178
right_4343,P0S2,0,2,R,train,0.435,0.4924
right_8235,P0S2,0,2,R,train,0.4552,0.5247
right_7725,P0S2,0,2,R,train,0.5107,0.4855
right_4514,P0S2,0,2,R,train,0.4502,0.5538
right_2479,P0S2,0,2,R,train,0.4583,0.4808
right_7267,P0S2,0,2,R,train,0.45,0.5258
right_9619,P0S2,0,2,R,train,0.4907,0.5528
right_7409,P0S2,0,2,R,train,0.4889,0.5489
right_6565,P0S2,0,2,R,train,0.4931,0.548
right_6460,P0S2,0,2,R,train,0.4692,0.5583
right_1789,P0S2,0,2,R,train,0.5058,0.5835
right_2670,P0S2,0,2,R,train,0.4569,0.5817
right_4384,P0S2,0,2,R,train,0.4947,0.4858
right_8203,P0S2,0,2,R,train,0.4905,0.5672
right_1632,P0S2,0,2,R,train,0.4764,0.6489
right_4622,P0S2,0,2,R,train,0.478,0.5704
right_1493,P0S2,0,2,R,train,0.4894,0.5299
right_9597,P0S2,0,2,R,train,0.4447,0.5523
right_3636,P0S2,0,2,R,train,0.5047,0.5997
right_8571,P0S2,0,2,R,train,0.4361,0.533
right_8282,P0S2,0,2,R,train,0.4971,0.591
right_7511,P0S2,0,2,R,train,0.4705,0.5259
right_1900,P0S2,0,2,R,train,0.5057,0.5747
right_2639,P0S2,0,2,R,train,0.5107,0.5348
right_1890,P0S2,0,2,R,train,0.4893,0.5586
right_4489,P0S2,0,2,R,train,0.4674,0.5859
right_8359,P0S2,0,2,R,train,0.4895,0.5928
right_7496,P0S2,0,2,R,train,0.497,0.5262
right_7715,P0S2,0,2,R,train,0.4796,0.6294
right_921,P0S2,0,2,R,train,0.4348,0.535
right_5415,P0S2,0,2,R,train,0.472,0.558
right_4603,P0S2,0,2,R,train,0.5084,0.572
right_9405,P0S2,0,2,R,test,0.5061,0.5483
right_5729,P0S2,0,2,R,val,0.5002,0.6062
right_5276,P0S2,0,2,R,test,0.4632,0.5923
right_3505,P0S2,0,2,R,val,0.4712,0.579
right_5493,P0S2,0,2,R,test,0.511,0.5513
right_5641,P0S2,0,2,R,test,0.4743,0.5643
right_2563,P0S2,0,2,R,test,0.4859,0.5866
right_1817,P0S2,0,2,R,val,0.4791,0.5693
right_3435,P0S2,0,2,R,val,0.4897,0.6493
right_9400,P0S2,0,2,R,val,0.4321,0.5931
left_4133,P1S0,1,0,L,train,0.6043,0.2162
left_1354,P1S0,1,0,L,train,0.5589,0.2255
left_1063,P1S0,1,0,L,train,0.626,0.1244
left_8150,P1S0,1,0,L,train,0.5343,0.2275
left_6101,P1S0,1,0,L,train,0.6305,0.1203
left_8857,P1S0,1,0,L,train,0.5449,0.246
left_4958,P1S0,1,0,L,train,0.5612,0.1751
left_258,P1S0,1,0,L,train,0.5395,0.2593
left_2237,P1S0,1,0,L,train,0.5928,0.2805
left_3158,P1S0,1,0,L,train,0.5137,0.1485
left_1323,P1S0,1,0,L,train,0.5529,0.1279
left_1012,P1S0,1,0,L,train,0.5739,0.1903
left_1261,P1S0,1,0,L,train,0.5663,0.2586
left_4902,P1S0,1,0,L,train,0.6113,0.203
left_33,P1S0,1,0,L,train,0.5157,0.2635
left_8119,P1S0,1,0,L,train,0.6434,0.2204
left_5886,P1S0,1,0,L,train,0.5801,0.154
left_6978,P1S0,1,0,L,train,0.6294,0.1665
left_8731,P1S0,1,0,L,train,0.5542,0.2255
left_5899,P1S0,1,0,L,train,0.5544,0.2807
left_7908,P1S0,1,0,L,train,0.5517,0.1791
left_3110,P1S0,1,0,L,train,0.6419,0.1286
left_8914,P1S0,1,0,L,train,0.5925,0.2801
left_6003,P1S0,1,0,L,train,0.5768,0.133
left_2948,P1S0,1,0,L,train,0.5915,0.1315
left_5254,P1S0,1,0,L,train,0.6444,0.1264
left_2108,P1S0,1,0,L,train,0.606,0.1878
left_8098,P1S0,1,0,L,train,0.5788,0.2445
left_5180,P1S0,1,0,L,train,0.627,0.2308
left_9986,P1S0,1,0,L,train,0.5931,0.2753
left_5872,P1S0,1,0,L,train,0.6121,0.1114
left_9070,P1S0,1,0,L,train,0.5935,0.2589
left_4120,P1S0,1,0,L,train,0.6334,0.1595
left_3064,P1S0,1,0,L,train,0.6099,0.2051
left_7122,P1S0,1,0,L,train,0.555,0.1267
left_1091,P1S0,1,0,L,train,0.5699,0.1353
left_3164,P1S0,1,0,L,train,0.5621,0.108
left_6935,P1S0,1,0,L,train,0.6423,0.1403
left_8039,P1S0,1,0,L,train,0.6118,0.2396
left_2183,P1S0,1,0,L,train,0.6399,0.1737
left_7193,P1S0,1,0,L,val,0.5642,0.2332
left_3922,P1S0,1,0,L,val,0.6271,0.2343
left_1224,P1S0,1,0,L,test,0.5789,0.2703
left_3328,P1S0,1,0,L,test,0.6074,0.2616
left_7018,P1S0,1,0,L,val,0.5281,0.2551
left_9677,P1S0,1,0,L,val,0.5397,0.2761
left_3040,P1S0,1,0,L,test,0.5214,0.2161
left_3061,P1S0,1,0,L,test,0.5474,0.1844
left_5145,P1S0,1,0,L,val,0.5481,0.1572
left_6181,P1S0,1,0,L,test,0.5618,0.1745
right_1427,P1S0,1,0,R,train,0.6273,0.1659
right_3370,P1S0,1,0,R,train,0.6301,0.1655
right_4644,P1S0,1,0,R,train,0.5507,0.1522
right_8165,P1S0,1,0,R,train,0.5468,0.27
right_5571,P1S0,1,0,R,train,0.5222,0.2486
right_9224,P1S0,1,0,R,train,0.6035,0.2689
right_784,P1S0,1,0,R,train,0.5613,0.2209
right_7242,P1S0,1,0,R,train,0.6078,0.1453
right_8617,P1S0,1,0,R,train,0.5305,0.1697
right_5621,P1S0,1,0,R,train,0.6296,0.2443
right_6646,P1S0,1,0,R,train,0.6275,0.1926
right_1841,P1S0,1,0,R,train,0.5477,0.1267
right_840,P1S0,1,0,R,train,0.5278,0.2093
right_7405,P1S0,1,0,R,train,0.5265,0.271
right_1928,P1S0,1,0,R,train,0.5993,0.1547
right_8637,P1S0,1,0,R,train,0.5406,0.1538
right_5572,P1S0,1,0,R,train,0.5636,0.2376
right_6668,P1S0,1,0,R,train,0.5831,0.2103
right_1562,P1S0,1,0,R,train,0.5991,0.2049
right_3796,P1S0,1,0,R,train,0.6163,0.2368
right_7598,P1S0,1,0,R,train,0.6221,0.2754
right_780,P1S0,1,0,R,train,0.554,0.2098
right_8530,P1S0,1,0,R,train,0.6252,0.1571
right_4510,P1S0,1,0,R,train,0.5809,0.2477
right_3495,P1S0,1,0,R,train,0.5443,0.211
right_9160,P1S0,1,0,R,train,0.6431,0.1564
right_7637,P1S0,1,0,R,train,0.5919,0.2238
right_9149,P1S0,1,0,R,train,0.5269,0.1587
right_9387,P1S0,1,0,R,train,0.5164,0.2345
right_4667,P1S0,1,0,R,train,0.516,0.135
right_9441,P1S0,1,0,R,train,0.5906,0.1176
right_1897,P1S0,1,0,R,train,0.5882,0.1923
right_3792,P1S0,1,0,R,train,0.5694,0.2037
right_3773,P1S0,1,0,R,train,0.5901,0.1129
right_9179,P1S0,1,0,R,train,0.6398,0.2725
right_3719,P1S0,1,0,R,train,0.554,0.1982
right_2671,P1S0,1,0,R,train,0.6311,0.1087
right_2840,P1S0,1,0,R,train,0.6435,0.1476
right_6384,P1S0,1,0,R,train,0.6031,0.1784
right_1582,P1S0,1,0,R,train,0.5492,0.2527
right_9456,P1S0,1,0,R,val,0.5368,0.1751
right_5608,P1S0,1,0,R,test,0.5362,0.1398
right_5579,P1S0,1,0,R,test,0.6221,0.2388
right_9407,P1S0,1,0,R,val,0.6161,0.1484
right_4634,P1S0,1,0,R,test,0.5855,0.1246
right_5697,P1S0,1,0,R,val,0.6079,0.1534
right_6262,P1S0,1,0,R,test,0.5887,0.1894
right_3411,P1S0,1,0,R,val,0.5981,0.2068
right_4825,P1S0,1,0,R,val,0.5387,0.1384
right_3527,P1S0,1,0,R,test,0.5503,0.1369
left_156,P1S1,1,1,L,train,0.5333,0.3318
left_7094,P1S1,1,1,L,train,0.6241,0.3345
left_1037,P1S1,1,1,L,train,0.5466,0.4646
left_6009,P1S1,1,1,L,train,0.5884,0.356
left_2028,P1S1,1,1,L,train,0.5718,0.3723
left_1212,P1S1,1,1,L,train,0.5211,0.4591
left_4249,P1S1,1,1,L,train,0.5797,0.3351
left_3952,P1S1,1,1,L,train,0.5239,0.4449
left_3235,P1S1,1,1,L,train,0.5391,0.4695
left_1100,P1S1,1,1,L,train,0.5793,0.4769
left_178,P1S1,1,1,L,train,0.5369,0.3403
left_1119,P1S1,1,1,L,train,0.5119,0.3017
left_4226,P1S1,1,1,L,train,0.5927,0.3003
left_8085,P1S1,1,1,L,train,0.6068,0.4767
left_3077,P1S1,1,1,L,train,0.5391,0.3164
left_276,P1S1,1,1,L,train,0.6232,0.3907
left_3109,P1S1,1,1,L,train,0.5796,0.4043
left_4964,P1S1,1,1,L,train,0.5656,0.4703
left_4873,P1S1,1,1,L,train,0.6136,0.4534
left_4238,P1S1,1,1,L,train,0.5734,0.3143
left_7978,P1S1,1,1,L,train,0.5596,0.4136
left_6018,P1S1,1,1,L,train,0.6416,0.3099
left_3220,P1S1,1,1,L,train,0.5923,0.444
left_3216,P1S1,1,1,L,train,0.5849,0.3307
left_8865,P1S1,1,1,L,train,0.5303,0.3716
left_5868,P1S1,1,1,L,train,0.5781,0.4082
left_9884,P1S1,1,1,L,train,0.5266,0.3608
left_7942,P1S1,1,1,L,train,0.635,0.4762
left_4203,P1S1,1,1,L,train,0.5835,0.4304
left_7735,P1S1,1,1,L,train,0.521,0.3675
left_5880,P1S1,1,1,L,train,0.6265,0.4166
left_8010,P1S1,1,1,L,train,0.6195,0.3822
left_7814,P1S1,1,1,L,train,0.5218,0.2951
left_9101,P1S1,1,1,L,train,0.549,0.3795
left_8133,P1S1,1,1,L,train,0.6145,0.408
left_4141,P1S1,1,1,L,train,0.5875,0.3211
left_3144,P1S1,1,1,L,train,0.5625,0.4662
left_183,P1S1,1,1,L,train,0.6355,0.4745
left_3256,P1S1,1,1,L,train,0.552,0.3836
left_5817,P1S1,1,1,L,train,0.5716,0.4455
left_409,P1S1,1,1,L,test,0.6413,0.3573
left_1386,P1S1,1,1,L,test,0.6359,0.3318
left_7733,P1S1,1,1,L,val,0.5378,0.4566
left_7998,P1S1,1,1,L,val,0.5769,0.3111
left_6220,P1S1,1,1,L,val,0.5451,0.476
left_2240,P1S1,1,1,L,test,0.5743,0.3799
left_4903,P1S1,1,1,L,val,0.5893,0.4754
left_9638,P1S1,1,1,L,test,0.5771,0.4583
left_1232,P1S1,1,1,L,val,0.6322,0.4089
left_7963,P1S1,1,1,L,test,0.562,0.3792
right_1585,P1S1,1,1,R,train,0.5364,0.4185
right_8635,P1S1,1,1,R,train,0.5345,0.3329
right_2886,P1S1,1,1,R,train,0.5684,0.4011
right_6654,P1S1,1,1,R,train,0.5886,0.3047
right_6300,P1S1,1,1,R,train,0.563,0.3703
right_2883,P1S1,1,1,R,train,0.6376,0.3946
right_8267,P1S1,1,1,R,train,0.565,0.4207
right_5391,P1S1,1,1,R,train,0.5573,0.3374
right_8606,P1S1,1,1,R,train,0.6057,0.4355
right_2841,P1S1,1,1,R,train,0.5864,0.3171
right_7620,P1S1,1,1,R,train,0.5663,0.3403
right_4470,P1S1,1,1,R,train,0.569,0.3649
right_7214,P1S1,1,1,R,train,0.636,0.3172
right_5476,P1S1,1,1,R,train,0.6029,0.3736
right_4300,P1S1,1,1,R,train,0.5652,0.3334
right_7446,P1S1,1,1,R,train,0.5226,0.3842
right_1876,P1S1,1,1,R,train,0.5777,0.3704
right_7710,P1S1,1,1,R,train,0.5121,0.3372
right_9251,P1S1,1,1,R,train,0.6147,0.3529
right_1541,P1S1,1,1,R,train,0.5358,0.3703
right_6529,P1S1,1,1,R,train,0.5779,0.3667
right_852,P1S1,1,1,R,train,0.5426,0.3542
right_1663,P1S1,1,1,R,train,0.5467,0.4426
right_4321,P1S1,1,1,R,train,0.5653,0.4009
right_9485,P1S1,1,1,R,train,0.5964,0.2851
right_6341,P1S1,1,1,R,train,0.6105,0.3421
right_9347,P1S1,1,1,R,train,0.6061,0.2911
right_7716,P1S1,1,1,R,train,0.5786,0.4654
right_4550,P1S1,1,1,R,train,0.5908,0.3909
right_9591,P1S1,1,1,R,train,0.5366,0.411
right_3399,P1S1,1,1,R,train,0.6039,0.4246
right_5490,P1S1,1,1,R,train,0.5185,0.3294
right_5627,P1S1,1,1,R,train,0.5995,0.2946
right_7403,P1S1,1,1,R,train,0.6389,0.2948
right_9388,P1S1,1,1,R,train,0.6139,0.2993
right_7314,P1S1,1,1,R,train,0.6442,0.4269
right_434,P1S1,1,1,R,train,0.5416,0.444
right_483,P1S1,1,1,R,train,0.5816,0.4375
right_7336,P1S1,1,1,R,train,0.6398,0.4523
right_9631,P1S1,1,1,R,train,0.6401,0.3823
right_4412,P1S1,1,1,R,val,0.5761,0.4071
right_8511,P1S1,1,1,R,val,0.5649,0.4151
right_5274,P1S1,1,1,R,test,0.5814,0.4748
right_8226,P1S1,1,1,R,test,0.6407,0.3285
right_9312,P1S1,1,1,R,val,0.6374,0.4183
right_4334,P1S1,1,1,R,val,0.6038,0.2944
right_6745,P1S1,1,1,R,test,0.6161,0.4653
right_5680,P1S1,1,1,R,val,0.6438,0.3682
right_3687,P1S1,1,1,R,test,0.5981,0.3656
right_870,P1S1,1,1,R,test,0.5833,0.418
left_9661,P1S2,1,2,L,train,0.5476,0.4875
left_9946,P1S2,1,2,L,train,0.5874,0.6379
left_5081,P1S2,1,2,L,train,0.5411,0.5664
left_4935,P1S2,1,2,L,train,0.5732,0.4981
left_980,P1S2,1,2,L,train,0.6175,0.5045
left_9828,P1S2,1,2,L,train,0.5868,0.6206
left_161,P1S2,1,2,L,train,0.6429,0.6363
left_5933,P1S2,1,2,L,train,0.5758,0.6143
left_2117,P1S2,1,2,L,train,0.5806,0.5941
left_9891,P1S2,1,2,L,train,0.6426,0.4914
left_3004,P1S2,1,2,L,train,0.5136,0.4903
left_6135,P1S2,1,2,L,train,0.5598,0.5326
left_8946,P1S2,1,2,L,train,0.5685,0.5204
left_129,P1S2,1,2,L,train,0.6431,0.5972
left_1176,P1S2,1,2,L,train,0.5887,0.6148
left_3951,P1S2,1,2,L,train,0.6207,0.5655
left_3033,P1S2,1,2,L,train,0.5981,0.6362
left_7746,P1S2,1,2,L,train,0.5251,0.4836
left_9774,P1S2,1,2,L,train,0.5412,0.6026
left_408,P1S2,1,2,L,train,0.579,0.5997
left_8972,P1S2,1,2,L,train,0.6309,0.5798
left_5,P1S2,1,2,L,train,0.5821,0.5971
left_7168,P1S2,1,2,L,train,0.5787,0.6579
left_7785,P1S2,1,2,L,train,0.5672,0.5325
left_2916,P1S2,1,2,L,train,0.624,0.6321
left_3222,P1S2,1,2,L,train,0.5917,0.5755
left_988,P1S2,1,2,L,train,0.6439,0.5647
left_6160,P1S2,1,2,L,train,0.5624,0.6539
left_989,P1S2,1,2,L,train,0.6001,0.5824
left_9837,P1S2,1,2,L,train,0.5688,0.5893
left_29,P1S2,1,2,L,train,0.5569,0.5652
left_2163,P1S2,1,2,L,train,0.5165,0.6214
left_9975,P1S2,1,2,L,train,0.5835,0.5533
left_4121,P1S2,1,2,L,train,0.5706,0.5428
left_133,P1S2,1,2,L,train,0.5475,0.6263
left_4038,P1S2,1,2,L,train,0.5347,0.5959
left_1047,P1S2,1,2,L,train,0.6022,0.5508
left_157,P1S2,1,2,L,train,0.5539,0.5217
left_8866,P1S2,1,2,L,train,0.6418,0.574
left_5234,P1S2,1,2,L,train,0.596,0.5205
left_6972,P1S2,1,2,L,val,0.6122,0.5636
left_9747,P1S2,1,2,L,test,0.6116,0.6006
left_5852,P1S2,1,2,L,test,0.516,0.5617
left_2017,P1S2,1,2,L,val,0.6347,0.5225
left_4192,P1S2,1,2,L,val,0.6403,0.6417
left_2090,P1S2,1,2,L,val,0.5804,0.4999
left_184,P1S2,1,2,L,val,0.5267,0.4989
left_3031,P1S2,1,2,L,test,0.604,0.531
left_7962,P1S2,1,2,L,test,0.6139,0.5589
left_8916,P1S2,1,2,L,test,0.5508,0.5291
right_3575,P1S2,1,2,R,train,0.5824,0.4975
right_5759,P1S2,1,2,R,train,0.6049,0.5569
right_491,P1S2,1,2,R,train,0.5849,0.4847
right_4358,P1S2,1,2,R,train,0.531,0.6171
right_7655,P1S2,1,2,R,train,0.5607,0.5299
right_9170,P1S2,1,2,R,train,0.5595,0.5823
right_5407,P1S2,1,2,R,train,0.5526,0.5779
right_5380,P1S2,1,2,R,train,0.5404,0.5397
right_5742,P1S2,1,2,R,train,0.5411,0.5357
right_4404,P1S2,1,2,R,train,0.5306,0.6266
right_7260,P1S2,1,2,R,train,0.5549,0.555
right_8243,P1S2,1,2,R,train,0.6413,0.5686
right_4413,P1S2,1,2,R,train,0.6137,0.6419
right_5337,P1S2,1,2,R,train,0.6078,0.5113
right_9454,P1S2,1,2,R,train,0.5216,0.498
right_9610,P1S2,1,2,R,train,0.6154,0.6038
right_617,P1S2,1,2,R,train,0.5405,0.4957
right_3412,P1S2,1,2,R,train,0.5757,0.5408
right_7690,P1S2,1,2,R,train,0.5649,0.5863
right_3476,P1S2,1,2,R,train,0.5906,0.6224
right_7713,P1S2,1,2,R,train,0.602,0.4937
right_470,P1S2,1,2,R,train,0.5555,0.5594
right_2806,P1S2,1,2,R,train,0.6022,0.4816
right_842,P1S2,1,2,R,train,0.6324,0.5797
right_4564,P1S2,1,2,R,train,0.5517,0.5947
right_6621,P1S2,1,2,R,train,0.5297,0.5317
right_496,P1S2,1,2,R,train,0.5586,0.575
right_7469,P1S2,1,2,R,train,0.5829,0.5184
right_2410,P1S2,1,2,R,train,0.6296,0.6323
right_4736,P1S2,1,2,R,train,0.5963,0.626
right_5623,P1S2,1,2,R,train,0.6387,0.5532
right_4642,P1S2,1,2,R,train,0.6118,0.6228
right_7206,P1S2,1,2,R,train,0.6319,0.6296
right_4400,P1S2,1,2,R,train,0.5418,0.5047
right_612,P1S2,1,2,R,train,0.5654,0.5779
right_8310,P1S2,1,2,R,train,0.6415,0.5601
right_9516,P1S2,1,2,R,train,0.6136,0.5888
right_883,P1S2,1,2,R,train,0.5593,0.6037
right_4421,P1S2,1,2,R,train,0.5564,0.5926
right_9542,P1S2,1,2,R,train,0.6368,0.5778
right_8466,P1S2,1,2,R,test,0.5256,0.5602
right_4460,P1S2,1,2,R,test,0.6302,0.6541
right_864,P1S2,1,2,R,val,0.6322,0.5585
right_3547,P1S2,1,2,R,val,0.6415,0.63
right_4380,P1S2,1,2,R,test,0.5555,0.5727
right_3668,P1S2,1,2,R,val,0.5936,0.5011
right_6736,P1S2,1,2,R,test,0.5685,0.5714
right_9276,P1S2,1,2,R,val,0.585,0.6084
right_7423,P1S2,1,2,R,test,0.6395,0.4899
right_7607,P1S2,1,2,R,val,0.5333,0.4833
left_120,P2S0,2,0,L,train,0.6853,0.2433
left_8087,P2S0,2,0,L,train,0.6528,0.2794
left_5924,P2S0,2,0,L,train,0.7279,0.2839
left_4284,P2S0,2,0,L,train,0.7629,0.2691
left_4250,P2S0,2,0,L,train,0.748,0.2389
left_6208,P2S0,2,0,L,train,0.6528,0.1094
left_7066,P2S0,2,0,L,train,0.6986,0.147
left_4148,P2S0,2,0,L,train,0.7585,0.118
left_2920,P2S0,2,0,L,train,0.763,0.2178
left_9011,P2S0,2,0,L,train,0.659,0.2617
left_328,P2S0,2,0,L,train,0.7086,0.2064
left_97,P2S0,2,0,L,train,0.6846,0.116
left_1397,P2S0,2,0,L,train,0.6806,0.2078
left_8003,P2S0,2,0,L,train,0.6976,0.2177
left_3307,P2S0,2,0,L,train,0.7231,0.2281
left_7794,P2S0,2,0,L,train,0.7219,0.1298
left_9916,P2S0,2,0,L,train,0.7089,0.1162
left_8852,P2S0,2,0,L,train,0.7192,0.2661
left_4890,P2S0,2,0,L,train,0.7103,0.1536
left_7849,P2S0,2,0,L,train,0.6673,0.1792
left_4879,P2S0,2,0,L,train,0.7472,0.2417
left_3035,P2S0,2,0,L,train,0.694,0.146
left_4211,P2S0,2,0,L,train,0.7396,0.223
left_2164,P2S0,2,0,L,train,0.6615,0.1237
left_4847,P2S0,2,0,L,train,0.7169,0.1548
left_155,P2S0,2,0,L,train,0.6718,0.1347
left_3048,P2S0,2,0,L,train,0.6674,0.0967
left_6850,P2S0,2,0,L,train,0.7505,0.2153
left_2161,P2S0,2,0,L,train,0.74,0.2307
left_5923,P2S0,2,0,L,train,0.735,0.2232
left_26,P2S0,2,0,L,train,0.6705,0.2756
left_4092,P2S0,2,0,L,train,0.7249,0.1763
left_6098,P2S0,2,0,L,train,0.7407,0.2655
left_4953,P2S0,2,0,L,train,0.6857,0.1955
left_286,P2S0,2,0,L,train,0.7232,0.1994
left_1957,P2S0,2,0,L,train,0.76,0.2822
left_104,P2S0,2,0,L,train,0.6485,0.2285
left_2068,P2S0,2,0,L,train,0.742,0.1911
left_9697,P2S0,2,0,L,train,0.6797,0.1416
left_5948,P2S0,2,0,L,train,0.7348,0.2663
left_7022,P2S0,2,0,L,test,0.6551,0.2797
left_2101,P2S0,2,0,L,test,0.7628,0.2242
left_6115,P2S0,2,0,L,val,0.7522,0.1818
left_6113,P2S0,2,0,L,val,0.7185,0.1979
left_9769,P2S0,2,0,L,val,0.7121,0.1369
left_8936,P2S0,2,0,L,test,0.6873,0.2182
left_3246,P2S0,2,0,L,val,0.7562,0.2112
left_8104,P2S0,2,0,L,test,0.7073,0.1425
left_4222,P2S0,2,0,L,test,0.7038,0.2093
left_4969,P2S0,2,0,L,val,0.695,0.2318
right_4526,P2S0,2,0,R,train,0.69,0.1157
right_5792,P2S0,2,0,R,train,0.7234,0.2275
right_1461,P2S0,2,0,R,train,0.7633,0.2338
right_5685,P2S0,2,0,R,train,0.6979,0.1717
right_2898,P2S0,2,0,R,train,0.7599,0.2767
right_6490,P2S0,2,0,R,train,0.7675,0.1822
right_5586,P2S0,2,0,R,train,0.7166,0.157
right_6339,P2S0,2,0,R,train,0.6748,0.1531
right_1454,P2S0,2,0,R,train,0.7011,0.1208
right_4535,P2S0,2,0,R,train,0.7213,0.261
right_1576,P2S0,2,0,R,train,0.7266,0.2397
right_1638,P2S0,2,0,R,train,0.7134,0.1648
right_6542,P2S0,2,0,R,train,0.7428,0.2083
right_6620,P2S0,2,0,R,train,0.7026,0.2261
right_8593,P2S0,2,0,R,train,0.7443,0.155
right_3615,P2S0,2,0,R,train,0.7049,0.1663
right_8409,P2S0,2,0,R,train,0.699,0.2655
right_2810,P2S0,2,0,R,train,0.7035,0.265
right_973,P2S0,2,0,R,train,0.7386,0.1598
right_4507,P2S0,2,0,R,train,0.6832,0.2282
right_8470,P2S0,2,0,R,train,0.7093,0.2052
right_2669,P2S0,2,0,R,train,0.6701,0.2086
right_7484,P2S0,2,0,R,train,0.6992,0.2005
right_4641,P2S0,2,0,R,train,0.7197,0.1539
right_1724,P2S0,2,0,R,train,0.7205,0.2676
right_7479,P2S0,2,0,R,train,0.7366,0.1369
right_6769,P2S0,2,0,R,train,0.7517,0.2064
right_9521,P2S0,2,0,R,train,0.6996,0.2438
right_3434,P2S0,2,0,R,train,0.6952,0.2611
right_8245,P2S0,2,0,R,train,0.7372,0.1298
right_4693,P2S0,2,0,R,train,0.6685,0.1982
right_7639,P2S0,2,0,R,train,0.7613,0.1439
right_4835,P2S0,2,0,R,train,0.7374,0.242
right_735,P2S0,2,0,R,train,0.7536,0.1649
right_9383,P2S0,2,0,R,train,0.7732,0.148
right_6722,P2S0,2,0,R,train,0.733,0.164
right_5682,P2S0,2,0,R,train,0.6699,0.2632
right_6671,P2S0,2,0,R,train,0.7438,0.2847
right_3455,P2S0,2,0,R,train,0.6764,0.1778
right_8540,P2S0,2,0,R,train,0.7436,0.2005
right_9518,P2S0,2,0,R,test,0.7175,0.1327
right_8167,P2S0,2,0,R,val,0.7415,0.2559
right_723,P2S0,2,0,R,test,0.7431,0.1982
right_9422,P2S0,2,0,R,val,0.7671,0.2193
right_3633,P2S0,2,0,R,val,0.6942,0.216
right_1880,P2S0,2,0,R,val,0.6588,0.1398
right_9243,P2S0,2,0,R,val,0.7223,0.2365
right_9122,P2S0,2,0,R,test,0.6459,0.2585
right_3507,P2S0,2,0,R,test,0.7171,0.2346
right_6281,P2S0,2,0,R,test,0.7172,0.182
left_5891,P2S1,2,1,L,train,0.6877,0.3844
left_8942,P2S1,2,1,L,train,0.7214,0.4276
left_9009,P2S1,2,1,L,train,0.6537,0.3225
left_288,P2S1,2,1,L,train,0.7153,0.4253
left_7757,P2S1,2,1,L,train,0.7605,0.3885
left_5035,P2S1,2,1,L,train,0.7471,0.3497
left_3240,P2S1,2,1,L,train,0.669,0.4249
left_6196,P2S1,2,1,L,train,0.7376,0.4664
left_6988,P2S1,2,1,L,train,0.6828,0.3109
left_2323,P2S1,2,1,L,train,0.7408,0.4125
left_30,P2S1,2,1,L,train,0.7445,0.3397
left_9835,P2S1,2,1,L,train,0.7689,0.285
left_3258,P2S1,2,1,L,train,0.6952,0.3534
left_391,P2S1,2,1,L,train,0.723,0.4774
left_2103,P2S1,2,1,L,train,0.7567,0.3598
left_6979,P2S1,2,1,L,train,0.6994,0.4248
left_2942,P2S1,2,1,L,train,0.7442,0.4044
left_5267,P2S1,2,1,L,train,0.7286,0.3052
left_6189,P2S1,2,1,L,train,0.6657,0.3394
left_7,P2S1,2,1,L,train,0.7287,0.3652
left_6174,P2S1,2,1,L,train,0.6727,0.4067
left_3939,P2S1,2,1,L,train,0.6473,0.4385
left_98,P2S1,2,1,L,train,0.6691,0.4271
left_6868,P2S1,2,1,L,train,0.7117,0.4128
left_3204,P2S1,2,1,L,train,0.6598,0.3819
left_2359,P2S1,2,1,L,train,0.6936,0.3039
left_6114,P2S1,2,1,L,train,0.728,0.4661
left_5849,P2S1,2,1,L,train,0.6544,0.4436
left_2242,P2S1,2,1,L,train,0.7521,0.2912
left_6209,P2S1,2,1,L,train,0.7028,0.3829
left_6197,P2S1,2,1,L,train,0.6749,0.3286
left_8083,P2S1,2,1,L,train,0.7554,0.4053
left_63,P2S1,2,1,L,train,0.7123,0.411
left_3265,P2S1,2,1,L,train,0.7111,0.3982
left_1266,P2S1,2,1,L,train,0.7021,0.3223
left_9714,P2S1,2,1,L,train,0.7282,0.3156
left_2300,P2S1,2,1,L,train,0.7291,0.4201
left_9754,P2S1,2,1,L,train,0.6843,0.3989
left_3993,P2S1,2,1,L,train,0.7227,0.3796
left_8699,P2S1,2,1,L,train,0.7636,0.3637
left_7793,P2S1,2,1,L,val,0.7072,0.3734
left_180,P2S1,2,1,L,test,0.7544,0.4407
left_20,P2S1,2,1,L,val,0.6947,0.4768
left_2051,P2S1,2,1,L,test,0.6576,0.473
left_2016,P2S1,2,1,L,val,0.7228,0.3249
left_9970,P2S1,2,1,L,val,0.6683,0.354
left_8712,P2S1,2,1,L,test,0.7072,0.3674
left_5132,P2S1,2,1,L,test,0.666,0.4299
left_5160,P2S1,2,1,L,test,0.681,0.4266
left_1073,P2S1,2,1,L,val,0.7625,0.3484
right_8498,P2S1,2,1,R,train,0.7575,0.3673
right_796,P2S1,2,1,R,train,0.6713,0.4575
right_4473,P2S1,2,1,R,train,0.6667,0.4083
right_9152,P2S1,2,1,R,train,0.6945,0.4046
right_3810,P2S1,2,1,R,train,0.7383,0.3963
right_7388,P2S1,2,1,R,train,0.7375,0.3798
right_4457,P2S1,2,1,R,train,0.6787,0.4497
right_5409,P2S1,2,1,R,train,0.7332,0.4648
right_9331,P2S1,2,1,R,train,0.6995,0.3077
right_2750,P2S1,2,1,R,train,0.7634,0.3558
right_4497,P2S1,2,1,R,train,0.7371,0.3363
right_7227,P2S1,2,1,R,train,0.7156,0.3794
right_1478,P2S1,2,1,R,train,0.729,0.4709
right_7599,P2S1,2,1,R,train,0.7618,0.3896
right_5426,P2S1,2,1,R,train,0.6595,0.4716
right_7576,P2S1,2,1,R,train,0.7499,0.3083
right_7311,P2S1,2,1,R,train,0.7572,0.4197
right_3736,P2S1,2,1,R,train,0.6608,0.3106
right_6570,P2S1,2,1,R,train,0.6536,0.4531
right_6329,P2S1,2,1,R,train,0.6774,0.3913
right_6592,P2S1,2,1,R,train,0.683,0.4392
right_8629,P2S1,2,1,R,train,0.7387,0.318
right_3592,P2S1,2,1,R,train,0.7466,0.3958
right_6739,P2S1,2,1,R,train,0.7339,0.4478
right_2713,P2S1,2,1,R,train,0.7425,0.2898
right_4531,P2S1,2,1,R,train,0.6619,0.4065
right_5713,P2S1,2,1,R,train,0.7485,0.3679
right_805,P2S1,2,1,R,train,0.6867,0.3028
right_7443,P2S1,2,1,R,train,0.6756,0.4321
right_4461,P2S1,2,1,R,train,0.7166,0.4715
right_1651,P2S1,2,1,R,train,0.6582,0.4327
right_6437,P2S1,2,1,R,train,0.7315,0.4059
right_4484,P2S1,2,1,R,train,0.6641,0.4211
right_4471,P2S1,2,1,R,train,0.7283,0.3039
right_4442,P2S1,2,1,R,train,0.665,0.3383
right_874,P2S1,2,1,R,train,0.7144,0.4142
right_7566,P2S1,2,1,R,train,0.7329,0.3739
right_9517,P2S1,2,1,R,train,0.6747,0.3333
right_2420,P2S1,2,1,R,train,0.6874,0.3753
right_9193,P2S1,2,1,R,train,0.7587,0.3257
right_1564,P2S1,2,1,R,val,0.6874,0.4526
right_4468,P2S1,2,1,R,test,0.6626,0.3352
right_1539,P2S1,2,1,R,test,0.7632,0.4734
right_7445,P2S1,2,1,R,val,0.6944,0.4223
right_9475,P2S1,2,1,R,val,0.6824,0.3091
right_5404,P2S1,2,1,R,test,0.7658,0.3589
right_3402,P2S1,2,1,R,test,0.6909,0.4028
right_2706,P2S1,2,1,R,test,0.6557,0.3771
right_2863,P2S1,2,1,R,val,0.6502,0.4328
right_3372,P2S1,2,1,R,val,0.6496,0.2884
left_253,P2S2,2,2,L,train,0.7279,0.5117
left_3325,P2S2,2,2,L,train,0.6855,0.5275
left_5044,P2S2,2,2,L,train,0.6945,0.5551
left_4069,P2S2,2,2,L,train,0.7125,0.5384
left_7855,P2S2,2,2,L,train,0.6584,0.5415
left_2199,P2S2,2,2,L,train,0.7137,0.5015
left_2271,P2S2,2,2,L,train,0.7108,0.6469
left_7123,P2S2,2,2,L,train,0.7344,0.5611
left_5841,P2S2,2,2,L,train,0.7426,0.5242
left_1247,P2S2,2,2,L,train,0.7191,0.538
left_8770,P2S2,2,2,L,train,0.7278,0.5083
left_48,P2S2,2,2,L,train,0.7117,0.507
left_1008,P2S2,2,2,L,train,0.7533,0.4938
left_3998,P2S2,2,2,L,train,0.6718,0.5336
left_2142,P2S2,2,2,L,train,0.7428,0.6316
left_4136,P2S2,2,2,L,train,0.755,0.638
left_6203,P2S2,2,2,L,train,0.7221,0.5966
left_6879,P2S2,2,2,L,train,0.6472,0.5419
left_5949,P2S2,2,2,L,train,0.6684,0.507
left_1026,P2S2,2,2,L,train,0.7133,0.5587
left_1375,P2S2,2,2,L,train,0.6548,0.5541
left_9845,P2S2,2,2,L,train,0.6822,0.6415
left_121,P2S2,2,2,L,train,0.6485,0.5319
left_7004,P2S2,2,2,L,train,0.7058,0.5862
left_9683,P2S2,2,2,L,train,0.6933,0.4985
left_4994,P2S2,2,2,L,train,0.668,0.6459
left_1019,P2S2,2,2,L,train,0.7326,0.5127
left_1219,P2S2,2,2,L,train,0.721,0.576
left_7756,P2S2,2,2,L,train,0.6986,0.5268
left_5863,P2S2,2,2,L,train,0.7592,0.4954
left_6942,P2S2,2,2,L,train,0.7001,0.5879
left_7086,P2S2,2,2,L,train,0.7315,0.5576
left_6880,P2S2,2,2,L,train,0.6828,0.5981
left_5996,P2S2,2,2,L,train,0.7042,0.6076
left_9829,P2S2,2,2,L,train,0.6782,0.5351
left_1136,P2S2,2,2,L,train,0.7248,0.5474
left_8035,P2S2,2,2,L,train,0.6662,0.6387
left_8783,P2S2,2,2,L,train,0.6591,0.5928
left_382,P2S2,2,2,L,train,0.6912,0.6364
left_1996,P2S2,2,2,L,train,0.718,0.5123
left_4963,P2S2,2,2,L,val,0.7413,0.6136
left_4025,P2S2,2,2,L,test,0.7536,0.4962
left_1104,P2S2,2,2,L,val,0.678,0.578
left_7038,P2S2,2,2,L,val,0.7249,0.5237
left_2907,P2S2,2,2,L,test,0.7522,0.6316
left_8705,P2S2,2,2,L,val,0.7242,0.5714
left_7816,P2S2,2,2,L,test,0.6588,0.5263
left_3329,P2S2,2,2,L,test,0.7296,0.571
left_4845,P2S2,2,2,L,val,0.6754,0.5908
left_1173,P2S2,2,2,L,test,0.6533,0.5129
right_3452,P2S2,2,2,R,train,0.6638,0.5437
right_7459,P2S2,2,2,R,train,0.7006,0.5161
right_7353,P2S2,2,2,R,train,0.6952,0.6446
right_7435,P2S2,2,2,R,train,0.7581,0.6443
right_7506,P2S2,2,2,R,train,0.7295,0.6313
right_4743,P2S2,2,2,R,train,0.7538,0.5094
right_7509,P2S2,2,2,R,train,0.7005,0.5028
right_7486,P2S2,2,2,R,train,0.7445,0.5449
right_6370,P2S2,2,2,R,train,0.7373,0.5374
right_476,P2S2,2,2,R,train,0.6683,0.5892
right_7331,P2S2,2,2,R,train,0.7501,0.6018
right_7232,P2S2,2,2,R,train,0.701,0.5723
right_3762,P2S2,2,2,R,train,0.7368,0.4889
right_7432,P2S2,2,2,R,train,0.6977,0.5368
right_5405,P2S2,2,2,R,train,0.7467,0.5501
right_911,P2S2,2,2,R,train,0.7408,0.5731
right_8309,P2S2,2,2,R,train,0.7363,0.5362
right_1929,P2S2,2,2,R,train,0.7398,0.6137
right_9136,P2S2,2,2,R,train,0.7386,0.634
right_9360,P2S2,2,2,R,train,0.6653,0.4996
right_754,P2S2,2,2,R,train,0.6486,0.5636
right_9581,P2S2,2,2,R,train,0.7452,0.5436
right_6311,P2S2,2,2,R,train,0.6808,0.4846
right_3392,P2S2,2,2,R,train,0.729,0.6122
right_2683,P2S2,2,2,R,train,0.7314,0.6429
right_3377,P2S2,2,2,R,train,0.6652,0.511
right_6416,P2S2,2,2,R,train,0.711,0.6072
right_9512,P2S2,2,2,R,train,0.6731,0.5261
right_1604,P2S2,2,2,R,train,0.7472,0.4953
right_2645,P2S2,2,2,R,train,0.7358,0.5037
right_5730,P2S2,2,2,R,train,0.7231,0.5835
right_2619,P2S2,2,2,R,train,0.6794,0.5282
right_9502,P2S2,2,2,R,train,0.746,0.6146
right_9184,P2S2,2,2,R,train,0.7534,0.6349
right_7262,P2S2,2,2,R,train,0.6838,0.5976
right_9410,P2S2,2,2,R,train,0.6808,0.543
right_4394,P2S2,2,2,R,train,0.7064,0.5738
right_6596,P2S2,2,2,R,train,0.7578,0.5817
right_6399,P2S2,2,2,R,train,0.7267,0.4816
right_2599,P2S2,2,2,R,train,0.6584,0.6415
right_3593,P2S2,2,2,R,test,0.7087,0.5725
right_4730,P2S2,2,2,R,val,0.6733,0.636
right_9204,P2S2,2,2,R,val,0.688,0.6104
right_9126,P2S2,2,2,R,val,0.6673,0.5568
right_5727,P2S2,2,2,R,val,0.6487,0.4923
right_1524,P2S2,2,2,R,test,0.6726,0.5345
right_8424,P2S2,2,2,R,test,0.759,0.6559
right_3699,P2S2,2,2,R,test,0.6617,0.6077
right_4801,P2S2,2,2,R,val,0.7206,0.6409
right_7306,P2S2,2,2,R,test,0.7068,0.4798
